timestamp,date,open,high,low,close,volume
2026-08-03 15:15:00,2026-08-03,57683.7,57683.7,57683.7,57683.7,2031.0
2026-08-03 15:16:00,2026-08-03,57683.7,57683.7,57683.7,57683.7,2031.0
2026-08-03 15:17:00,2026-08-03,57683.7,57683.7,57683.7,57683.7,2031.0
2026-08-03 15:18:00,2026-08-03,57683.7,57683.7,57683.7,57683.7,2031.0
2026-08-03 15:19:00,2026-08-03,57683.7,57683.7,57683.7,57683.7,2031.0
2026-08-03 15:20:00,2026-08-03,57683.7,57683.7,57683.7,57683.7,2031.0
2026-08-03 15:21:00,2026-08-03,57683.7,57683.7,57683.7,57683.7,2031.0
2026-08-03 15:22:00,2026-08-03,57683.7,57683.7,57683.7,57683.7,2031.0
2026-08-03 15:23:00,2026-08-03,57683.7,57683.7,57683.7,57683.7,2031.0
2026-08-03 15:24:00,2026-08-03,57683.7,57683.7,57683.7,57683.7,2031.0
2026-08-03 15:25:00,2026-08-03,57683.7,57683.7,57683.7,57683.7,2031.0
2026-08-03 15:26:00,2026-08-03,57683.7,57683.7,57683.7,57683.7,2031.0
2026-08-03 15:27:00,2026-08-03,57683.7,57683.7,57683.7,57683.7,2031.0
2026-08-03 15:28:00,2026-08-03,57683.7,57683.7,57683.7,57683.7,2031.0
2026-08-03 15:29:00,2026-08-03,57683.7,58247.95,57683.7,58247.95,2031.0
2026-08-03 15:30:00,2026-08-03,58247.95,58247.95,58247.95,58247.95,2031.0
2026-08-03 15:31:00,2026-08-03,58247.95,58247.95,58247.95,58247.95,2031.0
2026-08-03 15:32:00,2026-08-03,58247.95,58247.95,58247.95,58247.95,2031.0
2026-08-03 15:33:00,2026-08-03,58247.95,58247.95,58247.95,58247.95,2031.0
2026-08-03 15:34:00,2026-08-03,58247.95,58247.95,58247.95,58247.95,2031.0
2026-08-03 15:35:00,2026-08-03,58247.95,58247.95,58247.95,58247.95,2031.0
2026-08-03 15:36:00,2026-08-03,58247.95,58247.95,58247.95,58247.95,2031.0
2026-08-03 15:37:00,2026-08-03,58247.95,58247.95,58247.95,58247.95,2031.0
2026-08-03 15:38:00,2026-08-03,58247.95,58247.95,58247.95,58247.95,2031.0
2026-08-04 15:15:00,2026-08-04,57492.75,57492.75,57492.75,57492.75,669984.0
2026-08-04 15:16:00,2026-08-04,57492.75,57492.75,57492.75,57492.75,669984.0
2026-08-04 15:17:00,2026-08-04,57492.75,57492.75,57492.75,57492.75,669984.0
2026-08-04 15:18:00,2026-08-04,57492.75,57492.75,57492.75,57492.75,669984.0
2026-08-04 15:19:00,2026-08-04,57492.75,57492.75,57492.75,57492.75,669984.0
2026-08-04 15:20:00,2026-08-04,57492.75,57492.75,57492.75,57492.75,669984.0
2026-08-04 15:21:00,2026-08-04,57492.75,57492.75,57492.75,57492.75,669984.0
2026-08-04 15:22:00,2026-08-04,57492.75,57492.75,57492.75,57492.75,669984.0
2026-08-04 15:23:00,2026-08-04,57492.75,57492.75,57492.75,57492.75,669984.0
2026-08-04 15:24:00,2026-08-04,57492.75,57492.75,57492.75,57492.75,669984.0
2026-08-04 15:25:00,2026-08-04,57492.75,57492.75,57492.75,57492.75,669984.0
2026-08-04 15:26:00,2026-08-04,57492.75,57492.75,57492.75,57492.75,669984.0
2026-08-04 15:27:00,2026-08-04,57492.75,57492.75,57492.75,57492.75,669984.0
2026-08-04 15:28:00,2026-08-04,57492.75,57907.2,57492.75,57907.2,669984.0
2026-08-04 15:29:00,2026-08-04,57907.2,57907.2,57907.2,57907.2,669984.0
2026-08-04 15:30:00,2026-08-04,57907.2,57907.2,57907.2,57907.2,669984.0
2026-08-04 15:31:00,2026-08-04,57907.2,57907.2,57907.2,57907.2,669984.0
2026-08-04 15:32:00,2026-08-04,57907.2,57907.2,57907.2,57907.2,669984.0
2026-08-04 15:33:00,2026-08-04,57907.2,57907.2,57907.2,57907.2,669984.0
2026-08-04 15:34:00,2026-08-04,57907.2,57907.2,57907.2,57907.2,669984.0
2026-08-04 15:35:00,2026-08-04,57907.2,57907.2,57907.2,57907.2,669984.0
2026-08-04 15:36:00,2026-08-04,57907.2,57907.2,57907.2,57907.2,669984.0
2026-08-04 15:37:00,2026-08-04,57907.2,57907.2,57907.2,57907.2,669984.0
2026-08-04 15:38:00,2026-08-04,57907.2,57907.2,57907.2,57907.2,669984.0
